producto,tono,sku,estilo,intensidad,subtono,piel,acabado,cobertura,numero,url
Futurist Hydra Rescue Moisturizing Makeup SPF 45,4N1 Shell Beige,103136796,,Medium,Neutral,Seca,Luminoso/Radiante,Media,4,https://sv.siman.com/futurist-hydraresc-spf45-35ml-1w2-103066935/p?skuId=6259196
Futurist Hydra Rescue Moisturizing Makeup SPF 45,4N1 Shell Beige,103136796,,Medium,Neutral,Seca,Luminoso/Radiante,Full,4,https://sv.siman.com/futurist-hydraresc-spf45-35ml-1w2-103066935/p?skuId=6259196
Futurist Hydra Rescue Moisturizing Makeup SPF 45,4N1 Shell Beige,103136796,,Medium,Neutral,Normal/Mixta,Luminoso/Radiante,Media,4,https://sv.siman.com/futurist-hydraresc-spf45-35ml-1w2-103066935/p?skuId=6259196
Futurist Hydra Rescue Moisturizing Makeup SPF 45,4N1 Shell Beige,103136796,,Medium,Neutral,Normal/Mixta,Luminoso/Radiante,Full,4,https://sv.siman.com/futurist-hydraresc-spf45-35ml-1w2-103066935/p?skuId=6259196
Futurist Hydra Rescue Moisturizing Makeup SPF 45,4N1 Shell Beige,103136796,,Medium,Neutral,Grasa,Luminoso/Radiante,Media,4,https://sv.siman.com/futurist-hydraresc-spf45-35ml-1w2-103066935/p?skuId=6259196
Futurist Hydra Rescue Moisturizing Makeup SPF 45,4N1 Shell Beige,103136796,,Medium,Neutral,Grasa,Luminoso/Radiante,Full,4,https://sv.siman.com/futurist-hydraresc-spf45-35ml-1w2-103066935/p?skuId=6259196
Futurist Hydra Rescue Moisturizing Makeup SPF 45,3N1 Ivory Beige,103066939,,Medium,Neutral,Seca,Luminoso/Radiante,Media,3,https://sv.siman.com/futurist-hydraresc-spf45-35ml-1w2-103066935/p?skuId=6158191
Futurist Hydra Rescue Moisturizing Makeup SPF 45,3N1 Ivory Beige,103066940,,Medium,Neutral,Seca,Luminoso/Radiante,Full,3,https://sv.siman.com/futurist-hydraresc-spf45-35ml-1w2-103066935/p?skuId=6158191
Futurist Hydra Rescue Moisturizing Makeup SPF 45,3N1 Ivory Beige,103066945,,Medium,Neutral,Normal/Mixta,Luminoso/Radiante,Media,3,https://sv.siman.com/futurist-hydraresc-spf45-35ml-1w2-103066935/p?skuId=6158191
Futurist Hydra Rescue Moisturizing Makeup SPF 45,3N1 Ivory Beige,103066946,,Medium,Neutral,Normal/Mixta,Luminoso/Radiante,Full,3,https://sv.siman.com/futurist-hydraresc-spf45-35ml-1w2-103066935/p?skuId=6158191
Futurist Hydra Rescue Moisturizing Makeup SPF 45,3N1 Ivory Beige,103066951,,Medium,Neutral,Grasa,Luminoso/Radiante,Media,3,https://sv.siman.com/futurist-hydraresc-spf45-35ml-1w2-103066935/p?skuId=6158191
Futurist Hydra Rescue Moisturizing Makeup SPF 45,3N1 Ivory Beige,103066952,,Medium,Neutral,Grasa,Luminoso/Radiante,Full,3,https://sv.siman.com/futurist-hydraresc-spf45-35ml-1w2-103066935/p?skuId=6158191
Futurist Hydra Rescue Moisturizing Makeup SPF 45,2N1 Desert Beige,103066936,,Light,Neutral,Seca,Luminoso/Radiante,Media,2,https://sv.siman.com/futurist-hydraresc-spf45-35ml-1w2-103066935/p?skuId=6158194
Futurist Hydra Rescue Moisturizing Makeup SPF 45,2N1 Desert Beige,103066936,,Light,Neutral,Seca,Luminoso/Radiante,Full,2,https://sv.siman.com/futurist-hydraresc-spf45-35ml-1w2-103066935/p?skuId=6158194
Futurist Hydra Rescue Moisturizing Makeup SPF 45,2N1 Desert Beige,103066936,,Light,Neutral,Normal/Mixta,Luminoso/Radiante,Media,2,https://sv.siman.com/futurist-hydraresc-spf45-35ml-1w2-103066935/p?skuId=6158194
Futurist Hydra Rescue Moisturizing Makeup SPF 45,2N1 Desert Beige,103066936,,Light,Neutral,Normal/Mixta,Luminoso/Radiante,Full,2,https://sv.siman.com/futurist-hydraresc-spf45-35ml-1w2-103066935/p?skuId=6158194
Futurist Hydra Rescue Moisturizing Makeup SPF 45,2N1 Desert Beige,103066936,,Light,Neutral,Grasa,Luminoso/Radiante,Media,2,https://sv.siman.com/futurist-hydraresc-spf45-35ml-1w2-103066935/p?skuId=6158194
Futurist Hydra Rescue Moisturizing Makeup SPF 45,2N1 Desert Beige,103066936,,Light,Neutral,Grasa,Luminoso/Radiante,Full,2,https://sv.siman.com/futurist-hydraresc-spf45-35ml-1w2-103066935/p?skuId=6158194
Futurist Hydra Rescue Moisturizing Makeup SPF 45,1W2 Sand,103066935,,Light,Warm,Seca,Luminoso/Radiante,Media,1,https://sv.siman.com/futurist-hydraresc-spf45-35ml-1w2-103066935/p?skuId=6158199
Futurist Hydra Rescue Moisturizing Makeup SPF 45,1W2 Sand,103066935,,Light,Warm,Seca,Luminoso/Radiante,Full,1,https://sv.siman.com/futurist-hydraresc-spf45-35ml-1w2-103066935/p?skuId=6158199
Futurist Hydra Rescue Moisturizing Makeup SPF 45,1W2 Sand,103066935,,Light,Warm,Normal/Mixta,Luminoso/Radiante,Media,1,https://sv.siman.com/futurist-hydraresc-spf45-35ml-1w2-103066935/p?skuId=6158199
Futurist Hydra Rescue Moisturizing Makeup SPF 45,1W2 Sand,103066935,,Light,Warm,Normal/Mixta,Luminoso/Radiante,Full,1,https://sv.siman.com/futurist-hydraresc-spf45-35ml-1w2-103066935/p?skuId=6158199
Futurist Hydra Rescue Moisturizing Makeup SPF 45,1W2 Sand,103066935,,Light,Warm,Grasa,Luminoso/Radiante,Media,1,https://sv.siman.com/futurist-hydraresc-spf45-35ml-1w2-103066935/p?skuId=6158199
Futurist Hydra Rescue Moisturizing Makeup SPF 45,1W2 Sand,103066935,,Light,Warm,Grasa,Luminoso/Radiante,Full,1,https://sv.siman.com/futurist-hydraresc-spf45-35ml-1w2-103066935/p?skuId=6158199
Futurist Hydra Rescue Moisturizing Makeup SPF 45,3W1 Tawny,103066940,,Medium,Warm,Seca,Luminoso/Radiante,Media,3,https://sv.siman.com/futurist-hydraresc-spf45-35ml-1w2-103066935/p?skuId=6158192
Futurist Hydra Rescue Moisturizing Makeup SPF 45,3W1 Tawny,103066940,,Medium,Warm,Seca,Luminoso/Radiante,Full,3,https://sv.siman.com/futurist-hydraresc-spf45-35ml-1w2-103066935/p?skuId=6158192
Futurist Hydra Rescue Moisturizing Makeup SPF 45,3W1 Tawny,103066940,,Medium,Warm,Normal/Mixta,Luminoso/Radiante,Media,3,https://sv.siman.com/futurist-hydraresc-spf45-35ml-1w2-103066935/p?skuId=6158192
Futurist Hydra Rescue Moisturizing Makeup SPF 45,3W1 Tawny,103066940,,Medium,Warm,Normal/Mixta,Luminoso/Radiante,Full,3,https://sv.siman.com/futurist-hydraresc-spf45-35ml-1w2-103066935/p?skuId=6158192
Futurist Hydra Rescue Moisturizing Makeup SPF 45,3W1 Tawny,103066940,,Medium,Warm,Grasa,Luminoso/Radiante,Media,3,https://sv.siman.com/futurist-hydraresc-spf45-35ml-1w2-103066935/p?skuId=6158192
Futurist Hydra Rescue Moisturizing Makeup SPF 45,3W1 Tawny,103066940,,Medium,Warm,Grasa,Luminoso/Radiante,Full,3,https://sv.siman.com/futurist-hydraresc-spf45-35ml-1w2-103066935/p?skuId=6158192
Futurist Hydra Rescue Moisturizing Makeup SPF 45,2W1 Dawn,103066937,,Light,Warm,Seca,Luminoso/Radiante,Media,2,https://sv.siman.com/futurist-hydraresc-spf45-35ml-1w2-103066935/p?skuId=6158189
Futurist Hydra Rescue Moisturizing Makeup SPF 45,2W1 Dawn,103066937,,Light,Warm,Seca,Luminoso/Radiante,Full,2,https://sv.siman.com/futurist-hydraresc-spf45-35ml-1w2-103066935/p?skuId=6158189
Futurist Hydra Rescue Moisturizing Makeup SPF 45,2W1 Dawn,103066937,,Light,Warm,Normal/Mixta,Luminoso/Radiante,Media,2,https://sv.siman.com/futurist-hydraresc-spf45-35ml-1w2-103066935/p?skuId=6158189
Futurist Hydra Rescue Moisturizing Makeup SPF 45,2W1 Dawn,103066937,,Light,Warm,Normal/Mixta,Luminoso/Radiante,Full,2,https://sv.siman.com/futurist-hydraresc-spf45-35ml-1w2-103066935/p?skuId=6158189
Futurist Hydra Rescue Moisturizing Makeup SPF 45,2W1 Dawn,103066937,,Light,Warm,Grasa,Luminoso/Radiante,Media,2,https://sv.siman.com/futurist-hydraresc-spf45-35ml-1w2-103066935/p?skuId=6158189
Futurist Hydra Rescue Moisturizing Makeup SPF 45,2W1 Dawn,103066937,,Light,Warm,Grasa,Luminoso/Radiante,Full,2,https://sv.siman.com/futurist-hydraresc-spf45-35ml-1w2-103066935/p?skuId=6158189
Double Wear Stay-in-Place Makeup,2C3 Fresco,459339800001,,Light,Cool,Seca,Semi-Matte,Media,2,https://sv.siman.com/double-wear-spf10-makeup-tawny-3w1-30ml-446904/p?skuId=2006683
Double Wear Stay-in-Place Makeup,2C3 Fresco,459339800001,,Light,Cool,Seca,Semi-Matte,Full,2,https://sv.siman.com/double-wear-spf10-makeup-tawny-3w1-30ml-446904/p?skuId=2006683
Double Wear Stay-in-Place Makeup,2C3 Fresco,459339800001,,Light,Cool,Seca,Matte,Media,2,https://sv.siman.com/double-wear-spf10-makeup-tawny-3w1-30ml-446904/p?skuId=2006683
Double Wear Stay-in-Place Makeup,2C3 Fresco,459339800001,,Light,Cool,Seca,Matte,Full,2,https://sv.siman.com/double-wear-spf10-makeup-tawny-3w1-30ml-446904/p?skuId=2006683
Double Wear Stay-in-Place Makeup,2C3 Fresco,459339800001,,Light,Cool,Normal/Mixta,Semi-Matte,Media,2,https://sv.siman.com/double-wear-spf10-makeup-tawny-3w1-30ml-446904/p?skuId=2006683
Double Wear Stay-in-Place Makeup,2C3 Fresco,459339800001,,Light,Cool,Normal/Mixta,Semi-Matte,Full,2,https://sv.siman.com/double-wear-spf10-makeup-tawny-3w1-30ml-446904/p?skuId=2006683
Double Wear Stay-in-Place Makeup,2C3 Fresco,459339800001,,Light,Cool,Normal/Mixta,Matte,Media,2,https://sv.siman.com/double-wear-spf10-makeup-tawny-3w1-30ml-446904/p?skuId=2006683
Double Wear Stay-in-Place Makeup,2C3 Fresco,459339800001,,Light,Cool,Normal/Mixta,Matte,Full,2,https://sv.siman.com/double-wear-spf10-makeup-tawny-3w1-30ml-446904/p?skuId=2006683
Double Wear Stay-in-Place Makeup,2C3 Fresco,459339800001,,Light,Cool,Grasa,Semi-Matte,Media,2,https://sv.siman.com/double-wear-spf10-makeup-tawny-3w1-30ml-446904/p?skuId=2006683
Double Wear Stay-in-Place Makeup,2C3 Fresco,459339800001,,Light,Cool,Grasa,Semi-Matte,Full,2,https://sv.siman.com/double-wear-spf10-makeup-tawny-3w1-30ml-446904/p?skuId=2006683
Double Wear Stay-in-Place Makeup,2C3 Fresco,459339800001,,Light,Cool,Grasa,Matte,Media,2,https://sv.siman.com/double-wear-spf10-makeup-tawny-3w1-30ml-446904/p?skuId=2006683
Double Wear Stay-in-Place Makeup,2C3 Fresco,459339800001,,Light,Cool,Grasa,Matte,Full,2,https://sv.siman.com/double-wear-spf10-makeup-tawny-3w1-30ml-446904/p?skuId=2006683
Double Wear Stay-in-Place Makeup,3C2 Pebble,459340400009,,Medium,Cool,Seca,Semi-Matte,Media,3,https://sv.siman.com/double-wear-spf10-makeup-tawny-3w1-30ml-446904/p?skuId=2006675
Double Wear Stay-in-Place Makeup,3C2 Pebble,459340400009,,Medium,Cool,Seca,Semi-Matte,Full,3,https://sv.siman.com/double-wear-spf10-makeup-tawny-3w1-30ml-446904/p?skuId=2006675
Double Wear Stay-in-Place Makeup,3C2 Pebble,459340400009,,Medium,Cool,Seca,Matte,Media,3,https://sv.siman.com/double-wear-spf10-makeup-tawny-3w1-30ml-446904/p?skuId=2006675
Double Wear Stay-in-Place Makeup,3C2 Pebble,459340400009,,Medium,Cool,Seca,Matte,Full,3,https://sv.siman.com/double-wear-spf10-makeup-tawny-3w1-30ml-446904/p?skuId=2006675
Double Wear Stay-in-Place Makeup,3C2 Pebble,459340400009,,Medium,Cool,Normal/Mixta,Semi-Matte,Media,3,https://sv.siman.com/double-wear-spf10-makeup-tawny-3w1-30ml-446904/p?skuId=2006675
Double Wear Stay-in-Place Makeup,3C2 Pebble,459340400009,,Medium,Cool,Normal/Mixta,Semi-Matte,Full,3,https://sv.siman.com/double-wear-spf10-makeup-tawny-3w1-30ml-446904/p?skuId=2006675
Double Wear Stay-in-Place Makeup,3C2 Pebble,459340400009,,Medium,Cool,Normal/Mixta,Matte,Media,3,https://sv.siman.com/double-wear-spf10-makeup-tawny-3w1-30ml-446904/p?skuId=2006675
Double Wear Stay-in-Place Makeup,3C2 Pebble,459340400009,,Medium,Cool,Normal/Mixta,Matte,Full,3,https://sv.siman.com/double-wear-spf10-makeup-tawny-3w1-30ml-446904/p?skuId=2006675
Double Wear Stay-in-Place Makeup,3C2 Pebble,459340400009,,Medium,Cool,Grasa,Semi-Matte,Media,3,https://sv.siman.com/double-wear-spf10-makeup-tawny-3w1-30ml-446904/p?skuId=2006675
Double Wear Stay-in-Place Makeup,3C2 Pebble,459340400009,,Medium,Cool,Grasa,Semi-Matte,Full,3,https://sv.siman.com/double-wear-spf10-makeup-tawny-3w1-30ml-446904/p?skuId=2006675
Double Wear Stay-in-Place Makeup,3C2 Pebble,459340400009,,Medium,Cool,Grasa,Matte,Media,3,https://sv.siman.com/double-wear-spf10-makeup-tawny-3w1-30ml-446904/p?skuId=2006675
Double Wear Stay-in-Place Makeup,3C2 Pebble,459340400009,,Medium,Cool,Grasa,Matte,Full,3,https://sv.siman.com/double-wear-spf10-makeup-tawny-3w1-30ml-446904/p?skuId=2006675
Double Wear Stay-in-Place Makeup,4N1 Shell Beige,459340700000,,Medium,Neutral,Seca,Semi-Matte,Media,4,https://sv.siman.com/double-wear-spf10-makeup-tawny-3w1-30ml-446904/p?skuId=2006679
Double Wear Stay-in-Place Makeup,4N1 Shell Beige,459340700000,,Medium,Neutral,Seca,Semi-Matte,Full,4,https://sv.siman.com/double-wear-spf10-makeup-tawny-3w1-30ml-446904/p?skuId=2006679
Double Wear Stay-in-Place Makeup,4N1 Shell Beige,459340700000,,Medium,Neutral,Seca,Matte,Media,4,https://sv.siman.com/double-wear-spf10-makeup-tawny-3w1-30ml-446904/p?skuId=2006679
Double Wear Stay-in-Place Makeup,4N1 Shell Beige,459340700000,,Medium,Neutral,Seca,Matte,Full,4,https://sv.siman.com/double-wear-spf10-makeup-tawny-3w1-30ml-446904/p?skuId=2006679
Double Wear Stay-in-Place Makeup,4N1 Shell Beige,459340700000,,Medium,Neutral,Normal/Mixta,Semi-Matte,Media,4,https://sv.siman.com/double-wear-spf10-makeup-tawny-3w1-30ml-446904/p?skuId=2006679
Double Wear Stay-in-Place Makeup,4N1 Shell Beige,459340700000,,Medium,Neutral,Normal/Mixta,Semi-Matte,Full,4,https://sv.siman.com/double-wear-spf10-makeup-tawny-3w1-30ml-446904/p?skuId=2006679
Double Wear Stay-in-Place Makeup,4N1 Shell Beige,459340700000,,Medium,Neutral,Normal/Mixta,Matte,Media,4,https://sv.siman.com/double-wear-spf10-makeup-tawny-3w1-30ml-446904/p?skuId=2006679
Double Wear Stay-in-Place Makeup,4N1 Shell Beige,459340700000,,Medium,Neutral,Normal/Mixta,Matte,Full,4,https://sv.siman.com/double-wear-spf10-makeup-tawny-3w1-30ml-446904/p?skuId=2006679
Double Wear Stay-in-Place Makeup,4N1 Shell Beige,459340700000,,Medium,Neutral,Grasa,Semi-Matte,Media,4,https://sv.siman.com/double-wear-spf10-makeup-tawny-3w1-30ml-446904/p?skuId=2006679
Double Wear Stay-in-Place Makeup,4N1 Shell Beige,459340700000,,Medium,Neutral,Grasa,Semi-Matte,Full,4,https://sv.siman.com/double-wear-spf10-makeup-tawny-3w1-30ml-446904/p?skuId=2006679
Double Wear Stay-in-Place Makeup,4N1 Shell Beige,459340700000,,Medium,Neutral,Grasa,Matte,Media,4,https://sv.siman.com/double-wear-spf10-makeup-tawny-3w1-30ml-446904/p?skuId=2006679
Double Wear Stay-in-Place Makeup,4N1 Shell Beige,459340700000,,Medium,Neutral,Grasa,Matte,Full,4,https://sv.siman.com/double-wear-spf10-makeup-tawny-3w1-30ml-446904/p?skuId=2006679
Double Wear Stay-in-Place Makeup,3N1 Ivory Beige,101612810,,Medium,Neutral,Seca,Semi-Matte,Media,3,https://sv.siman.com/double-wear-spf10-makeup-tawny-3w1-30ml-446904/p?skuId=5141397
Double Wear Stay-in-Place Makeup,3N1 Ivory Beige,101612810,,Medium,Neutral,Seca,Semi-Matte,Full,3,https://sv.siman.com/double-wear-spf10-makeup-tawny-3w1-30ml-446904/p?skuId=5141397
Double Wear Stay-in-Place Makeup,3N1 Ivory Beige,101612810,,Medium,Neutral,Seca,Matte,Media,3,https://sv.siman.com/double-wear-spf10-makeup-tawny-3w1-30ml-446904/p?skuId=5141397
Double Wear Stay-in-Place Makeup,3N1 Ivory Beige,101612810,,Medium,Neutral,Seca,Matte,Full,3,https://sv.siman.com/double-wear-spf10-makeup-tawny-3w1-30ml-446904/p?skuId=5141397
Double Wear Stay-in-Place Makeup,3N1 Ivory Beige,101612810,,Medium,Neutral,Normal/Mixta,Semi-Matte,Media,3,https://sv.siman.com/double-wear-spf10-makeup-tawny-3w1-30ml-446904/p?skuId=5141397
Double Wear Stay-in-Place Makeup,3N1 Ivory Beige,101612810,,Medium,Neutral,Normal/Mixta,Semi-Matte,Full,3,https://sv.siman.com/double-wear-spf10-makeup-tawny-3w1-30ml-446904/p?skuId=5141397
Double Wear Stay-in-Place Makeup,3N1 Ivory Beige,101612810,,Medium,Neutral,Normal/Mixta,Matte,Media,3,https://sv.siman.com/double-wear-spf10-makeup-tawny-3w1-30ml-446904/p?skuId=5141397
Double Wear Stay-in-Place Makeup,3N1 Ivory Beige,101612810,,Medium,Neutral,Normal/Mixta,Matte,Full,3,https://sv.siman.com/double-wear-spf10-makeup-tawny-3w1-30ml-446904/p?skuId=5141397
Double Wear Stay-in-Place Makeup,3N1 Ivory Beige,101612810,,Medium,Neutral,Grasa,Semi-Matte,Media,3,https://sv.siman.com/double-wear-spf10-makeup-tawny-3w1-30ml-446904/p?skuId=5141397
Double Wear Stay-in-Place Makeup,3N1 Ivory Beige,101612810,,Medium,Neutral,Grasa,Semi-Matte,Full,3,https://sv.siman.com/double-wear-spf10-makeup-tawny-3w1-30ml-446904/p?skuId=5141397
Double Wear Stay-in-Place Makeup,3N1 Ivory Beige,101612810,,Medium,Neutral,Grasa,Matte,Media,3,https://sv.siman.com/double-wear-spf10-makeup-tawny-3w1-30ml-446904/p?skuId=5141397
Double Wear Stay-in-Place Makeup,3N1 Ivory Beige,101612810,,Medium,Neutral,Grasa,Matte,Full,3,https://sv.siman.com/double-wear-spf10-makeup-tawny-3w1-30ml-446904/p?skuId=5141397
Double Wear Stay-in-Place Makeup,2N1 Desert Beige,102084353,,Light,Neutral,Seca,Semi-Matte,Media,2,No hay en inventario
Double Wear Stay-in-Place Makeup,2N1 Desert Beige,102084353,,Light,Neutral,Seca,Semi-Matte,Full,2,No hay en inventario
Double Wear Stay-in-Place Makeup,2N1 Desert Beige,102084353,,Light,Neutral,Seca,Matte,Media,2,No hay en inventario
Double Wear Stay-in-Place Makeup,2N1 Desert Beige,102084353,,Light,Neutral,Seca,Matte,Full,2,No hay en inventario
Double Wear Stay-in-Place Makeup,2N1 Desert Beige,102084353,,Light,Neutral,Normal/Mixta,Semi-Matte,Media,2,No hay en inventario
Double Wear Stay-in-Place Makeup,2N1 Desert Beige,102084353,,Light,Neutral,Normal/Mixta,Semi-Matte,Full,2,No hay en inventario
Double Wear Stay-in-Place Makeup,2N1 Desert Beige,102084353,,Light,Neutral,Normal/Mixta,Matte,Media,2,No hay en inventario
Double Wear Stay-in-Place Makeup,2N1 Desert Beige,102084353,,Light,Neutral,Normal/Mixta,Matte,Full,2,No hay en inventario
Double Wear Stay-in-Place Makeup,2N1 Desert Beige,102084353,,Light,Neutral,Grasa,Semi-Matte,Media,2,No hay en inventario
Double Wear Stay-in-Place Makeup,2N1 Desert Beige,102084353,,Light,Neutral,Grasa,Semi-Matte,Full,2,No hay en inventario
Double Wear Stay-in-Place Makeup,2N1 Desert Beige,102084353,,Light,Neutral,Grasa,Matte,Media,2,No hay en inventario
Double Wear Stay-in-Place Makeup,2N1 Desert Beige,102084353,,Light,Neutral,Grasa,Matte,Full,2,No hay en inventario
Double Wear Stay-in-Place Makeup,5N1 Rich Ginger,101612811,,Deep,Neutral,Seca,Semi-Matte,Media,5,https://sv.siman.com/double-wear-spf10-makeup-tawny-3w1-30ml-446904/p?skuId=5141414
Double Wear Stay-in-Place Makeup,5N1 Rich Ginger,101612811,,Deep,Neutral,Seca,Semi-Matte,Full,5,https://sv.siman.com/double-wear-spf10-makeup-tawny-3w1-30ml-446904/p?skuId=5141414
Double Wear Stay-in-Place Makeup,5N1 Rich Ginger,101612811,,Deep,Neutral,Seca,Matte,Media,5,https://sv.siman.com/double-wear-spf10-makeup-tawny-3w1-30ml-446904/p?skuId=5141414
Double Wear Stay-in-Place Makeup,5N1 Rich Ginger,101612811,,Deep,Neutral,Seca,Matte,Full,5,https://sv.siman.com/double-wear-spf10-makeup-tawny-3w1-30ml-446904/p?skuId=5141414
Double Wear Stay-in-Place Makeup,5N1 Rich Ginger,101612811,,Deep,Neutral,Normal/Mixta,Semi-Matte,Media,5,https://sv.siman.com/double-wear-spf10-makeup-tawny-3w1-30ml-446904/p?skuId=5141414
Double Wear Stay-in-Place Makeup,5N1 Rich Ginger,101612811,,Deep,Neutral,Normal/Mixta,Semi-Matte,Full,5,https://sv.siman.com/double-wear-spf10-makeup-tawny-3w1-30ml-446904/p?skuId=5141414
Double Wear Stay-in-Place Makeup,5N1 Rich Ginger,101612811,,Deep,Neutral,Normal/Mixta,Matte,Media,5,https://sv.siman.com/double-wear-spf10-makeup-tawny-3w1-30ml-446904/p?skuId=5141414
Double Wear Stay-in-Place Makeup,5N1 Rich Ginger,101612811,,Deep,Neutral,Normal/Mixta,Matte,Full,5,https://sv.siman.com/double-wear-spf10-makeup-tawny-3w1-30ml-446904/p?skuId=5141414
Double Wear Stay-in-Place Makeup,5N1 Rich Ginger,101612811,,Deep,Neutral,Grasa,Semi-Matte,Media,5,https://sv.siman.com/double-wear-spf10-makeup-tawny-3w1-30ml-446904/p?skuId=5141414
Double Wear Stay-in-Place Makeup,5N1 Rich Ginger,101612811,,Deep,Neutral,Grasa,Semi-Matte,Full,5,https://sv.siman.com/double-wear-spf10-makeup-tawny-3w1-30ml-446904/p?skuId=5141414
Double Wear Stay-in-Place Makeup,5N1 Rich Ginger,101612811,,Deep,Neutral,Grasa,Matte,Media,5,https://sv.siman.com/double-wear-spf10-makeup-tawny-3w1-30ml-446904/p?skuId=5141414
Double Wear Stay-in-Place Makeup,5N1 Rich Ginger,101612811,,Deep,Neutral,Grasa,Matte,Full,5,https://sv.siman.com/double-wear-spf10-makeup-tawny-3w1-30ml-446904/p?skuId=5141414
Double Wear Stay-in-Place Makeup,1W2 Sand,424988600005,,Light,Warm,Seca,Semi-Matte,Media,1,https://sv.siman.com/double-wear-spf10-makeup-tawny-3w1-30ml-446904/p?skuId=2025195
Double Wear Stay-in-Place Makeup,1W2 Sand,424988600005,,Light,Warm,Seca,Semi-Matte,Full,1,https://sv.siman.com/double-wear-spf10-makeup-tawny-3w1-30ml-446904/p?skuId=2025195
Double Wear Stay-in-Place Makeup,1W2 Sand,424988600005,,Light,Warm,Seca,Matte,Media,1,https://sv.siman.com/double-wear-spf10-makeup-tawny-3w1-30ml-446904/p?skuId=2025195
Double Wear Stay-in-Place Makeup,1W2 Sand,424988600005,,Light,Warm,Seca,Matte,Full,1,https://sv.siman.com/double-wear-spf10-makeup-tawny-3w1-30ml-446904/p?skuId=2025195
Double Wear Stay-in-Place Makeup,1W2 Sand,424988600005,,Light,Warm,Normal/Mixta,Semi-Matte,Media,1,https://sv.siman.com/double-wear-spf10-makeup-tawny-3w1-30ml-446904/p?skuId=2025195
Double Wear Stay-in-Place Makeup,1W2 Sand,424988600005,,Light,Warm,Normal/Mixta,Semi-Matte,Full,1,https://sv.siman.com/double-wear-spf10-makeup-tawny-3w1-30ml-446904/p?skuId=2025195
Double Wear Stay-in-Place Makeup,1W2 Sand,424988600005,,Light,Warm,Normal/Mixta,Matte,Media,1,https://sv.siman.com/double-wear-spf10-makeup-tawny-3w1-30ml-446904/p?skuId=2025195
Double Wear Stay-in-Place Makeup,1W2 Sand,424988600005,,Light,Warm,Normal/Mixta,Matte,Full,1,https://sv.siman.com/double-wear-spf10-makeup-tawny-3w1-30ml-446904/p?skuId=2025195
Double Wear Stay-in-Place Makeup,1W2 Sand,424988600005,,Light,Warm,Grasa,Semi-Matte,Media,1,https://sv.siman.com/double-wear-spf10-makeup-tawny-3w1-30ml-446904/p?skuId=2025195
Double Wear Stay-in-Place Makeup,1W2 Sand,424988600005,,Light,Warm,Grasa,Semi-Matte,Full,1,https://sv.siman.com/double-wear-spf10-makeup-tawny-3w1-30ml-446904/p?skuId=2025195
Double Wear Stay-in-Place Makeup,1W2 Sand,424988600005,,Light,Warm,Grasa,Matte,Media,1,https://sv.siman.com/double-wear-spf10-makeup-tawny-3w1-30ml-446904/p?skuId=2025195
Double Wear Stay-in-Place Makeup,1W2 Sand,424988600005,,Light,Warm,Grasa,Matte,Full,1,https://sv.siman.com/double-wear-spf10-makeup-tawny-3w1-30ml-446904/p?skuId=2025195
Double Wear Stay-in-Place Makeup,3W1 Tawny,444690400007,,Medium,Warm,Seca,Semi-Matte,Media,3,https://sv.siman.com/double-wear-spf10-makeup-tawny-3w1-30ml-446904/p?skuId=2033415
Double Wear Stay-in-Place Makeup,3W1 Tawny,444690400007,,Medium,Warm,Seca,Semi-Matte,Full,3,https://sv.siman.com/double-wear-spf10-makeup-tawny-3w1-30ml-446904/p?skuId=2033415
Double Wear Stay-in-Place Makeup,3W1 Tawny,444690400007,,Medium,Warm,Seca,Matte,Media,3,https://sv.siman.com/double-wear-spf10-makeup-tawny-3w1-30ml-446904/p?skuId=2033415
Double Wear Stay-in-Place Makeup,3W1 Tawny,444690400007,,Medium,Warm,Seca,Matte,Full,3,https://sv.siman.com/double-wear-spf10-makeup-tawny-3w1-30ml-446904/p?skuId=2033415
Double Wear Stay-in-Place Makeup,3W1 Tawny,444690400007,,Medium,Warm,Normal/Mixta,Semi-Matte,Media,3,https://sv.siman.com/double-wear-spf10-makeup-tawny-3w1-30ml-446904/p?skuId=2033415
Double Wear Stay-in-Place Makeup,3W1 Tawny,444690400007,,Medium,Warm,Normal/Mixta,Semi-Matte,Full,3,https://sv.siman.com/double-wear-spf10-makeup-tawny-3w1-30ml-446904/p?skuId=2033415
Double Wear Stay-in-Place Makeup,3W1 Tawny,444690400007,,Medium,Warm,Normal/Mixta,Matte,Media,3,https://sv.siman.com/double-wear-spf10-makeup-tawny-3w1-30ml-446904/p?skuId=2033415
Double Wear Stay-in-Place Makeup,3W1 Tawny,444690400007,,Medium,Warm,Normal/Mixta,Matte,Full,3,https://sv.siman.com/double-wear-spf10-makeup-tawny-3w1-30ml-446904/p?skuId=2033415
Double Wear Stay-in-Place Makeup,3W1 Tawny,444690400007,,Medium,Warm,Grasa,Semi-Matte,Media,3,https://sv.siman.com/double-wear-spf10-makeup-tawny-3w1-30ml-446904/p?skuId=2033415
Double Wear Stay-in-Place Makeup,3W1 Tawny,444690400007,,Medium,Warm,Grasa,Semi-Matte,Full,3,https://sv.siman.com/double-wear-spf10-makeup-tawny-3w1-30ml-446904/p?skuId=2033415
Double Wear Stay-in-Place Makeup,3W1 Tawny,444690400007,,Medium,Warm,Grasa,Matte,Media,3,https://sv.siman.com/double-wear-spf10-makeup-tawny-3w1-30ml-446904/p?skuId=2033415
Double Wear Stay-in-Place Makeup,3W1 Tawny,444690400007,,Medium,Warm,Grasa,Matte,Full,3,https://sv.siman.com/double-wear-spf10-makeup-tawny-3w1-30ml-446904/p?skuId=2033415
Double Wear Stay-in-Place Makeup,3N2 Wheat,476126200004,,Medium,Neutral,Seca,Semi-Matte,Media,3,https://sv.siman.com/double-wear-spf10-makeup-tawny-3w1-30ml-446904/p?skuId=2488465
Double Wear Stay-in-Place Makeup,3N2 Wheat,476126200004,,Medium,Neutral,Seca,Semi-Matte,Full,3,https://sv.siman.com/double-wear-spf10-makeup-tawny-3w1-30ml-446904/p?skuId=2488465
Double Wear Stay-in-Place Makeup,3N2 Wheat,476126200004,,Medium,Neutral,Seca,Matte,Media,3,https://sv.siman.com/double-wear-spf10-makeup-tawny-3w1-30ml-446904/p?skuId=2488465
Double Wear Stay-in-Place Makeup,3N2 Wheat,476126200004,,Medium,Neutral,Seca,Matte,Full,3,https://sv.siman.com/double-wear-spf10-makeup-tawny-3w1-30ml-446904/p?skuId=2488465
Double Wear Stay-in-Place Makeup,3N2 Wheat,476126200004,,Medium,Neutral,Normal/Mixta,Semi-Matte,Media,3,https://sv.siman.com/double-wear-spf10-makeup-tawny-3w1-30ml-446904/p?skuId=2488465
Double Wear Stay-in-Place Makeup,3N2 Wheat,476126200004,,Medium,Neutral,Normal/Mixta,Semi-Matte,Full,3,https://sv.siman.com/double-wear-spf10-makeup-tawny-3w1-30ml-446904/p?skuId=2488465
Double Wear Stay-in-Place Makeup,3N2 Wheat,476126200004,,Medium,Neutral,Normal/Mixta,Matte,Media,3,https://sv.siman.com/double-wear-spf10-makeup-tawny-3w1-30ml-446904/p?skuId=2488465
Double Wear Stay-in-Place Makeup,3N2 Wheat,476126200004,,Medium,Neutral,Normal/Mixta,Matte,Full,3,https://sv.siman.com/double-wear-spf10-makeup-tawny-3w1-30ml-446904/p?skuId=2488465
Double Wear Stay-in-Place Makeup,3N2 Wheat,476126200004,,Medium,Neutral,Grasa,Semi-Matte,Media,3,https://sv.siman.com/double-wear-spf10-makeup-tawny-3w1-30ml-446904/p?skuId=2488465
Double Wear Stay-in-Place Makeup,3N2 Wheat,476126200004,,Medium,Neutral,Grasa,Semi-Matte,Full,3,https://sv.siman.com/double-wear-spf10-makeup-tawny-3w1-30ml-446904/p?skuId=2488465
Double Wear Stay-in-Place Makeup,3N2 Wheat,476126200004,,Medium,Neutral,Grasa,Matte,Media,3,https://sv.siman.com/double-wear-spf10-makeup-tawny-3w1-30ml-446904/p?skuId=2488465
Double Wear Stay-in-Place Makeup,3N2 Wheat,476126200004,,Medium,Neutral,Grasa,Matte,Full,3,https://sv.siman.com/double-wear-spf10-makeup-tawny-3w1-30ml-446904/p?skuId=2488465
Double Wear Stay-in-Place Makeup,5W1 Bronze,439472900004,,Deep,Warm,Seca,Semi-Matte,Media,5,https://sv.siman.com/double-wear-spf10-makeup-tawny-3w1-30ml-446904/p?skuId=2173374
Double Wear Stay-in-Place Makeup,5W1 Bronze,439472900004,,Deep,Warm,Seca,Semi-Matte,Full,5,https://sv.siman.com/double-wear-spf10-makeup-tawny-3w1-30ml-446904/p?skuId=2173374
Double Wear Stay-in-Place Makeup,5W1 Bronze,439472900004,,Deep,Warm,Seca,Matte,Media,5,https://sv.siman.com/double-wear-spf10-makeup-tawny-3w1-30ml-446904/p?skuId=2173374
Double Wear Stay-in-Place Makeup,5W1 Bronze,439472900004,,Deep,Warm,Seca,Matte,Full,5,https://sv.siman.com/double-wear-spf10-makeup-tawny-3w1-30ml-446904/p?skuId=2173374
Double Wear Stay-in-Place Makeup,5W1 Bronze,439472900004,,Deep,Warm,Normal/Mixta,Semi-Matte,Media,5,https://sv.siman.com/double-wear-spf10-makeup-tawny-3w1-30ml-446904/p?skuId=2173374
Double Wear Stay-in-Place Makeup,5W1 Bronze,439472900004,,Deep,Warm,Normal/Mixta,Semi-Matte,Full,5,https://sv.siman.com/double-wear-spf10-makeup-tawny-3w1-30ml-446904/p?skuId=2173374
Double Wear Stay-in-Place Makeup,5W1 Bronze,439472900004,,Deep,Warm,Normal/Mixta,Matte,Media,5,https://sv.siman.com/double-wear-spf10-makeup-tawny-3w1-30ml-446904/p?skuId=2173374
Double Wear Stay-in-Place Makeup,5W1 Bronze,439472900004,,Deep,Warm,Normal/Mixta,Matte,Full,5,https://sv.siman.com/double-wear-spf10-makeup-tawny-3w1-30ml-446904/p?skuId=2173374
Double Wear Stay-in-Place Makeup,5W1 Bronze,439472900004,,Deep,Warm,Grasa,Semi-Matte,Media,5,https://sv.siman.com/double-wear-spf10-makeup-tawny-3w1-30ml-446904/p?skuId=2173374
Double Wear Stay-in-Place Makeup,5W1 Bronze,439472900004,,Deep,Warm,Grasa,Semi-Matte,Full,5,https://sv.siman.com/double-wear-spf10-makeup-tawny-3w1-30ml-446904/p?skuId=2173374
Double Wear Stay-in-Place Makeup,5W1 Bronze,439472900004,,Deep,Warm,Grasa,Matte,Media,5,https://sv.siman.com/double-wear-spf10-makeup-tawny-3w1-30ml-446904/p?skuId=2173374
Double Wear Stay-in-Place Makeup,5W1 Bronze,439472900004,,Deep,Warm,Grasa,Matte,Full,5,https://sv.siman.com/double-wear-spf10-makeup-tawny-3w1-30ml-446904/p?skuId=2173374
Double Wear Stay-in-Place Makeup,2W1 Dawn,415437400000,,Light,Warm,Seca,Semi-Matte,Media,2,https://sv.siman.com/double-wear-spf10-makeup-tawny-3w1-30ml-446904/p?skuId=2231602
Double Wear Stay-in-Place Makeup,2W1 Dawn,415437400000,,Light,Warm,Seca,Semi-Matte,Full,2,https://sv.siman.com/double-wear-spf10-makeup-tawny-3w1-30ml-446904/p?skuId=2231602
Double Wear Stay-in-Place Makeup,2W1 Dawn,415437400000,,Light,Warm,Seca,Matte,Media,2,https://sv.siman.com/double-wear-spf10-makeup-tawny-3w1-30ml-446904/p?skuId=2231602
Double Wear Stay-in-Place Makeup,2W1 Dawn,415437400000,,Light,Warm,Seca,Matte,Full,2,https://sv.siman.com/double-wear-spf10-makeup-tawny-3w1-30ml-446904/p?skuId=2231602
Double Wear Stay-in-Place Makeup,2W1 Dawn,415437400000,,Light,Warm,Normal/Mixta,Semi-Matte,Media,2,https://sv.siman.com/double-wear-spf10-makeup-tawny-3w1-30ml-446904/p?skuId=2231602
Double Wear Stay-in-Place Makeup,2W1 Dawn,415437400000,,Light,Warm,Normal/Mixta,Semi-Matte,Full,2,https://sv.siman.com/double-wear-spf10-makeup-tawny-3w1-30ml-446904/p?skuId=2231602
Double Wear Stay-in-Place Makeup,2W1 Dawn,415437400000,,Light,Warm,Normal/Mixta,Matte,Media,2,https://sv.siman.com/double-wear-spf10-makeup-tawny-3w1-30ml-446904/p?skuId=2231602
Double Wear Stay-in-Place Makeup,2W1 Dawn,415437400000,,Light,Warm,Normal/Mixta,Matte,Full,2,https://sv.siman.com/double-wear-spf10-makeup-tawny-3w1-30ml-446904/p?skuId=2231602
Double Wear Stay-in-Place Makeup,2W1 Dawn,415437400000,,Light,Warm,Grasa,Semi-Matte,Media,2,https://sv.siman.com/double-wear-spf10-makeup-tawny-3w1-30ml-446904/p?skuId=2231602
Double Wear Stay-in-Place Makeup,2W1 Dawn,415437400000,,Light,Warm,Grasa,Semi-Matte,Full,2,https://sv.siman.com/double-wear-spf10-makeup-tawny-3w1-30ml-446904/p?skuId=2231602
Double Wear Stay-in-Place Makeup,2W1 Dawn,415437400000,,Light,Warm,Grasa,Matte,Media,2,https://sv.siman.com/double-wear-spf10-makeup-tawny-3w1-30ml-446904/p?skuId=2231602
Double Wear Stay-in-Place Makeup,2W1 Dawn,415437400000,,Light,Warm,Grasa,Matte,Full,2,https://sv.siman.com/double-wear-spf10-makeup-tawny-3w1-30ml-446904/p?skuId=2231602
Double Wear Stay-in-Place Makeup,2C1 Pure Beige,476126400008,,Light,Cool,Seca,Semi-Matte,Media,2,https://sv.siman.com/double-wear-spf10-makeup-tawny-3w1-30ml-446904/p?skuId=2488357
Double Wear Stay-in-Place Makeup,2C1 Pure Beige,476126400008,,Light,Cool,Seca,Semi-Matte,Full,2,https://sv.siman.com/double-wear-spf10-makeup-tawny-3w1-30ml-446904/p?skuId=2488357
Double Wear Stay-in-Place Makeup,2C1 Pure Beige,476126400008,,Light,Cool,Seca,Matte,Media,2,https://sv.siman.com/double-wear-spf10-makeup-tawny-3w1-30ml-446904/p?skuId=2488357
Double Wear Stay-in-Place Makeup,2C1 Pure Beige,476126400008,,Light,Cool,Seca,Matte,Full,2,https://sv.siman.com/double-wear-spf10-makeup-tawny-3w1-30ml-446904/p?skuId=2488357
Double Wear Stay-in-Place Makeup,2C1 Pure Beige,476126400008,,Light,Cool,Normal/Mixta,Semi-Matte,Media,2,https://sv.siman.com/double-wear-spf10-makeup-tawny-3w1-30ml-446904/p?skuId=2488357
Double Wear Stay-in-Place Makeup,2C1 Pure Beige,476126400008,,Light,Cool,Normal/Mixta,Semi-Matte,Full,2,https://sv.siman.com/double-wear-spf10-makeup-tawny-3w1-30ml-446904/p?skuId=2488357
Double Wear Stay-in-Place Makeup,2C1 Pure Beige,476126400008,,Light,Cool,Normal/Mixta,Matte,Media,2,https://sv.siman.com/double-wear-spf10-makeup-tawny-3w1-30ml-446904/p?skuId=2488357
Double Wear Stay-in-Place Makeup,2C1 Pure Beige,476126400008,,Light,Cool,Normal/Mixta,Matte,Full,2,https://sv.siman.com/double-wear-spf10-makeup-tawny-3w1-30ml-446904/p?skuId=2488357
Double Wear Stay-in-Place Makeup,2C1 Pure Beige,476126400008,,Light,Cool,Grasa,Semi-Matte,Media,2,https://sv.siman.com/double-wear-spf10-makeup-tawny-3w1-30ml-446904/p?skuId=2488357
Double Wear Stay-in-Place Makeup,2C1 Pure Beige,476126400008,,Light,Cool,Grasa,Semi-Matte,Full,2,https://sv.siman.com/double-wear-spf10-makeup-tawny-3w1-30ml-446904/p?skuId=2488357
Double Wear Stay-in-Place Makeup,2C1 Pure Beige,476126400008,,Light,Cool,Grasa,Matte,Media,2,https://sv.siman.com/double-wear-spf10-makeup-tawny-3w1-30ml-446904/p?skuId=2488357
Double Wear Stay-in-Place Makeup,2C1 Pure Beige,476126400008,,Light,Cool,Grasa,Matte,Full,2,https://sv.siman.com/double-wear-spf10-makeup-tawny-3w1-30ml-446904/p?skuId=2488357
Double Wear Stay-in-Place Makeup,2W2 Rattan,476126500005,,Light,Warm,Seca,Semi-Matte,Media,2,https://sv.siman.com/double-wear-spf10-makeup-tawny-3w1-30ml-446904/p?skuId=2488584
Double Wear Stay-in-Place Makeup,2W2 Rattan,476126500005,,Light,Warm,Seca,Semi-Matte,Full,2,https://sv.siman.com/double-wear-spf10-makeup-tawny-3w1-30ml-446904/p?skuId=2488584
Double Wear Stay-in-Place Makeup,2W2 Rattan,476126500005,,Light,Warm,Seca,Matte,Media,2,https://sv.siman.com/double-wear-spf10-makeup-tawny-3w1-30ml-446904/p?skuId=2488584
Double Wear Stay-in-Place Makeup,2W2 Rattan,476126500005,,Light,Warm,Seca,Matte,Full,2,https://sv.siman.com/double-wear-spf10-makeup-tawny-3w1-30ml-446904/p?skuId=2488584
Double Wear Stay-in-Place Makeup,2W2 Rattan,476126500005,,Light,Warm,Normal/Mixta,Semi-Matte,Media,2,https://sv.siman.com/double-wear-spf10-makeup-tawny-3w1-30ml-446904/p?skuId=2488584
Double Wear Stay-in-Place Makeup,2W2 Rattan,476126500005,,Light,Warm,Normal/Mixta,Semi-Matte,Full,2,https://sv.siman.com/double-wear-spf10-makeup-tawny-3w1-30ml-446904/p?skuId=2488584
Double Wear Stay-in-Place Makeup,2W2 Rattan,476126500005,,Light,Warm,Normal/Mixta,Matte,Media,2,https://sv.siman.com/double-wear-spf10-makeup-tawny-3w1-30ml-446904/p?skuId=2488584
Double Wear Stay-in-Place Makeup,2W2 Rattan,476126500005,,Light,Warm,Normal/Mixta,Matte,Full,2,https://sv.siman.com/double-wear-spf10-makeup-tawny-3w1-30ml-446904/p?skuId=2488584
Double Wear Stay-in-Place Makeup,2W2 Rattan,476126500005,,Light,Warm,Grasa,Semi-Matte,Media,2,https://sv.siman.com/double-wear-spf10-makeup-tawny-3w1-30ml-446904/p?skuId=2488584
Double Wear Stay-in-Place Makeup,2W2 Rattan,476126500005,,Light,Warm,Grasa,Semi-Matte,Full,2,https://sv.siman.com/double-wear-spf10-makeup-tawny-3w1-30ml-446904/p?skuId=2488584
Double Wear Stay-in-Place Makeup,2W2 Rattan,476126500005,,Light,Warm,Grasa,Matte,Media,2,https://sv.siman.com/double-wear-spf10-makeup-tawny-3w1-30ml-446904/p?skuId=2488584
Double Wear Stay-in-Place Makeup,2W2 Rattan,476126500005,,Light,Warm,Grasa,Matte,Full,2,https://sv.siman.com/double-wear-spf10-makeup-tawny-3w1-30ml-446904/p?skuId=2488584
Double Wear Stay-in-Place Makeup,3W2 Cashew,476126600002,,Medium,Warm,Seca,Semi-Matte,Media,3,https://sv.siman.com/double-wear-spf10-makeup-tawny-3w1-30ml-446904/p?skuId=2488574
Double Wear Stay-in-Place Makeup,3W2 Cashew,476126600002,,Medium,Warm,Seca,Semi-Matte,Full,3,https://sv.siman.com/double-wear-spf10-makeup-tawny-3w1-30ml-446904/p?skuId=2488574
Double Wear Stay-in-Place Makeup,3W2 Cashew,476126600002,,Medium,Warm,Seca,Matte,Media,3,https://sv.siman.com/double-wear-spf10-makeup-tawny-3w1-30ml-446904/p?skuId=2488574
Double Wear Stay-in-Place Makeup,3W2 Cashew,476126600002,,Medium,Warm,Seca,Matte,Full,3,https://sv.siman.com/double-wear-spf10-makeup-tawny-3w1-30ml-446904/p?skuId=2488574
Double Wear Stay-in-Place Makeup,3W2 Cashew,476126600002,,Medium,Warm,Normal/Mixta,Semi-Matte,Media,3,https://sv.siman.com/double-wear-spf10-makeup-tawny-3w1-30ml-446904/p?skuId=2488574
Double Wear Stay-in-Place Makeup,3W2 Cashew,476126600002,,Medium,Warm,Normal/Mixta,Semi-Matte,Full,3,https://sv.siman.com/double-wear-spf10-makeup-tawny-3w1-30ml-446904/p?skuId=2488574
Double Wear Stay-in-Place Makeup,3W2 Cashew,476126600002,,Medium,Warm,Normal/Mixta,Matte,Media,3,https://sv.siman.com/double-wear-spf10-makeup-tawny-3w1-30ml-446904/p?skuId=2488574
Double Wear Stay-in-Place Makeup,3W2 Cashew,476126600002,,Medium,Warm,Normal/Mixta,Matte,Full,3,https://sv.siman.com/double-wear-spf10-makeup-tawny-3w1-30ml-446904/p?skuId=2488574
Double Wear Stay-in-Place Makeup,3W2 Cashew,476126600002,,Medium,Warm,Grasa,Semi-Matte,Media,3,https://sv.siman.com/double-wear-spf10-makeup-tawny-3w1-30ml-446904/p?skuId=2488574
Double Wear Stay-in-Place Makeup,3W2 Cashew,476126600002,,Medium,Warm,Grasa,Semi-Matte,Full,3,https://sv.siman.com/double-wear-spf10-makeup-tawny-3w1-30ml-446904/p?skuId=2488574
Double Wear Stay-in-Place Makeup,3W2 Cashew,476126600002,,Medium,Warm,Grasa,Matte,Media,3,https://sv.siman.com/double-wear-spf10-makeup-tawny-3w1-30ml-446904/p?skuId=2488574
Double Wear Stay-in-Place Makeup,3W2 Cashew,476126600002,,Medium,Warm,Grasa,Matte,Full,3,https://sv.siman.com/double-wear-spf10-makeup-tawny-3w1-30ml-446904/p?skuId=2488574
Double Wear Stay-in-Place Makeup,4N2 Spiced Sand,101612812,,Medium,Neutral,Seca,Semi-Matte,Media,4,https://sv.siman.com/double-wear-spf10-makeup-tawny-3w1-30ml-446904/p?skuId=5141412
Double Wear Stay-in-Place Makeup,4N2 Spiced Sand,101612812,,Medium,Neutral,Seca,Semi-Matte,Full,4,https://sv.siman.com/double-wear-spf10-makeup-tawny-3w1-30ml-446904/p?skuId=5141412
Double Wear Stay-in-Place Makeup,4N2 Spiced Sand,101612812,,Medium,Neutral,Seca,Matte,Media,4,https://sv.siman.com/double-wear-spf10-makeup-tawny-3w1-30ml-446904/p?skuId=5141412
Double Wear Stay-in-Place Makeup,4N2 Spiced Sand,101612812,,Medium,Neutral,Seca,Matte,Full,4,https://sv.siman.com/double-wear-spf10-makeup-tawny-3w1-30ml-446904/p?skuId=5141412
Double Wear Stay-in-Place Makeup,4N2 Spiced Sand,101612812,,Medium,Neutral,Normal/Mixta,Semi-Matte,Media,4,https://sv.siman.com/double-wear-spf10-makeup-tawny-3w1-30ml-446904/p?skuId=5141412
Double Wear Stay-in-Place Makeup,4N2 Spiced Sand,101612812,,Medium,Neutral,Normal/Mixta,Semi-Matte,Full,4,https://sv.siman.com/double-wear-spf10-makeup-tawny-3w1-30ml-446904/p?skuId=5141412
Double Wear Stay-in-Place Makeup,4N2 Spiced Sand,101612812,,Medium,Neutral,Normal/Mixta,Matte,Media,4,https://sv.siman.com/double-wear-spf10-makeup-tawny-3w1-30ml-446904/p?skuId=5141412
Double Wear Stay-in-Place Makeup,4N2 Spiced Sand,101612812,,Medium,Neutral,Normal/Mixta,Matte,Full,4,https://sv.siman.com/double-wear-spf10-makeup-tawny-3w1-30ml-446904/p?skuId=5141412
Double Wear Stay-in-Place Makeup,4N2 Spiced Sand,101612812,,Medium,Neutral,Grasa,Semi-Matte,Media,4,https://sv.siman.com/double-wear-spf10-makeup-tawny-3w1-30ml-446904/p?skuId=5141412
Double Wear Stay-in-Place Makeup,4N2 Spiced Sand,101612812,,Medium,Neutral,Grasa,Semi-Matte,Full,4,https://sv.siman.com/double-wear-spf10-makeup-tawny-3w1-30ml-446904/p?skuId=5141412
Double Wear Stay-in-Place Makeup,4N2 Spiced Sand,101612812,,Medium,Neutral,Grasa,Matte,Media,4,https://sv.siman.com/double-wear-spf10-makeup-tawny-3w1-30ml-446904/p?skuId=5141412
Double Wear Stay-in-Place Makeup,4N2 Spiced Sand,101612812,,Medium,Neutral,Grasa,Matte,Full,4,https://sv.siman.com/double-wear-spf10-makeup-tawny-3w1-30ml-446904/p?skuId=5141412
Double Wear Stay-in-Place Makeup,4W1 Honey Bronze,476126700009,,Medium,Warm,Seca,Semi-Matte,Media,4,https://sv.siman.com/double-wear-spf10-makeup-tawny-3w1-30ml-446904/p?skuId=2488463
Double Wear Stay-in-Place Makeup,4W1 Honey Bronze,476126700009,,Medium,Warm,Seca,Semi-Matte,Full,4,https://sv.siman.com/double-wear-spf10-makeup-tawny-3w1-30ml-446904/p?skuId=2488463
Double Wear Stay-in-Place Makeup,4W1 Honey Bronze,476126700009,,Medium,Warm,Seca,Matte,Media,4,https://sv.siman.com/double-wear-spf10-makeup-tawny-3w1-30ml-446904/p?skuId=2488463
Double Wear Stay-in-Place Makeup,4W1 Honey Bronze,476126700009,,Medium,Warm,Seca,Matte,Full,4,https://sv.siman.com/double-wear-spf10-makeup-tawny-3w1-30ml-446904/p?skuId=2488463
Double Wear Stay-in-Place Makeup,4W1 Honey Bronze,476126700009,,Medium,Warm,Normal/Mixta,Semi-Matte,Media,4,https://sv.siman.com/double-wear-spf10-makeup-tawny-3w1-30ml-446904/p?skuId=2488463
Double Wear Stay-in-Place Makeup,4W1 Honey Bronze,476126700009,,Medium,Warm,Normal/Mixta,Semi-Matte,Full,4,https://sv.siman.com/double-wear-spf10-makeup-tawny-3w1-30ml-446904/p?skuId=2488463
Double Wear Stay-in-Place Makeup,4W1 Honey Bronze,476126700009,,Medium,Warm,Normal/Mixta,Matte,Media,4,https://sv.siman.com/double-wear-spf10-makeup-tawny-3w1-30ml-446904/p?skuId=2488463
Double Wear Stay-in-Place Makeup,4W1 Honey Bronze,476126700009,,Medium,Warm,Normal/Mixta,Matte,Full,4,https://sv.siman.com/double-wear-spf10-makeup-tawny-3w1-30ml-446904/p?skuId=2488463
Double Wear Stay-in-Place Makeup,4W1 Honey Bronze,476126700009,,Medium,Warm,Grasa,Semi-Matte,Media,4,https://sv.siman.com/double-wear-spf10-makeup-tawny-3w1-30ml-446904/p?skuId=2488463
Double Wear Stay-in-Place Makeup,4W1 Honey Bronze,476126700009,,Medium,Warm,Grasa,Semi-Matte,Full,4,https://sv.siman.com/double-wear-spf10-makeup-tawny-3w1-30ml-446904/p?skuId=2488463
Double Wear Stay-in-Place Makeup,4W1 Honey Bronze,476126700009,,Medium,Warm,Grasa,Matte,Media,4,https://sv.siman.com/double-wear-spf10-makeup-tawny-3w1-30ml-446904/p?skuId=2488463
Double Wear Stay-in-Place Makeup,4W1 Honey Bronze,476126700009,,Medium,Warm,Grasa,Matte,Full,4,https://sv.siman.com/double-wear-spf10-makeup-tawny-3w1-30ml-446904/p?skuId=2488463
Double Wear Stay-in-Place Makeup,4W2 Toasty Tofee,476127000009,,Medium,Warm,Seca,Semi-Matte,Media,4,https://sv.siman.com/double-wear-spf10-makeup-tawny-3w1-30ml-446904/p?skuId=2173374
Double Wear Stay-in-Place Makeup,4W2 Toasty Tofee,476127000009,,Medium,Warm,Seca,Semi-Matte,Full,4,https://sv.siman.com/double-wear-spf10-makeup-tawny-3w1-30ml-446904/p?skuId=2173374
Double Wear Stay-in-Place Makeup,4W2 Toasty Tofee,476127000009,,Medium,Warm,Seca,Matte,Media,4,https://sv.siman.com/double-wear-spf10-makeup-tawny-3w1-30ml-446904/p?skuId=2173374
Double Wear Stay-in-Place Makeup,4W2 Toasty Tofee,476127000009,,Medium,Warm,Seca,Matte,Full,4,https://sv.siman.com/double-wear-spf10-makeup-tawny-3w1-30ml-446904/p?skuId=2173374
Double Wear Stay-in-Place Makeup,4W2 Toasty Tofee,476127000009,,Medium,Warm,Normal/Mixta,Semi-Matte,Media,4,https://sv.siman.com/double-wear-spf10-makeup-tawny-3w1-30ml-446904/p?skuId=2173374
Double Wear Stay-in-Place Makeup,4W2 Toasty Tofee,476127000009,,Medium,Warm,Normal/Mixta,Semi-Matte,Full,4,https://sv.siman.com/double-wear-spf10-makeup-tawny-3w1-30ml-446904/p?skuId=2173374
Double Wear Stay-in-Place Makeup,4W2 Toasty Tofee,476127000009,,Medium,Warm,Normal/Mixta,Matte,Media,4,https://sv.siman.com/double-wear-spf10-makeup-tawny-3w1-30ml-446904/p?skuId=2173374
Double Wear Stay-in-Place Makeup,4W2 Toasty Tofee,476127000009,,Medium,Warm,Normal/Mixta,Matte,Full,4,https://sv.siman.com/double-wear-spf10-makeup-tawny-3w1-30ml-446904/p?skuId=2173374
Double Wear Stay-in-Place Makeup,4W2 Toasty Tofee,476127000009,,Medium,Warm,Grasa,Semi-Matte,Media,4,https://sv.siman.com/double-wear-spf10-makeup-tawny-3w1-30ml-446904/p?skuId=2173374
Double Wear Stay-in-Place Makeup,4W2 Toasty Tofee,476127000009,,Medium,Warm,Grasa,Semi-Matte,Full,4,https://sv.siman.com/double-wear-spf10-makeup-tawny-3w1-30ml-446904/p?skuId=2173374
Double Wear Stay-in-Place Makeup,4W2 Toasty Tofee,476127000009,,Medium,Warm,Grasa,Matte,Media,4,https://sv.siman.com/double-wear-spf10-makeup-tawny-3w1-30ml-446904/p?skuId=2173374
Double Wear Stay-in-Place Makeup,4W2 Toasty Tofee,476127000009,,Medium,Warm,Grasa,Matte,Full,4,https://sv.siman.com/double-wear-spf10-makeup-tawny-3w1-30ml-446904/p?skuId=2173374
Double Wear Stay-in-Place Makeup,6W1 Sandalwood,101949663,,Deep,Warm,Seca,Semi-Matte,Media,6,https://sv.siman.com/double-wear-spf10-makeup-tawny-3w1-30ml-446904/p?skuId=5397990
Double Wear Stay-in-Place Makeup,6W1 Sandalwood,101949663,,Deep,Warm,Seca,Semi-Matte,Full,6,https://sv.siman.com/double-wear-spf10-makeup-tawny-3w1-30ml-446904/p?skuId=5397990
Double Wear Stay-in-Place Makeup,6W1 Sandalwood,101949663,,Deep,Warm,Seca,Matte,Media,6,https://sv.siman.com/double-wear-spf10-makeup-tawny-3w1-30ml-446904/p?skuId=5397990
Double Wear Stay-in-Place Makeup,6W1 Sandalwood,101949663,,Deep,Warm,Seca,Matte,Full,6,https://sv.siman.com/double-wear-spf10-makeup-tawny-3w1-30ml-446904/p?skuId=5397990
Double Wear Stay-in-Place Makeup,6W1 Sandalwood,101949663,,Deep,Warm,Normal/Mixta,Semi-Matte,Media,6,https://sv.siman.com/double-wear-spf10-makeup-tawny-3w1-30ml-446904/p?skuId=5397990
Double Wear Stay-in-Place Makeup,6W1 Sandalwood,101949663,,Deep,Warm,Normal/Mixta,Semi-Matte,Full,6,https://sv.siman.com/double-wear-spf10-makeup-tawny-3w1-30ml-446904/p?skuId=5397990
Double Wear Stay-in-Place Makeup,6W1 Sandalwood,101949663,,Deep,Warm,Normal/Mixta,Matte,Media,6,https://sv.siman.com/double-wear-spf10-makeup-tawny-3w1-30ml-446904/p?skuId=5397990
Double Wear Stay-in-Place Makeup,6W1 Sandalwood,101949663,,Deep,Warm,Normal/Mixta,Matte,Full,6,https://sv.siman.com/double-wear-spf10-makeup-tawny-3w1-30ml-446904/p?skuId=5397990
Double Wear Stay-in-Place Makeup,6W1 Sandalwood,101949663,,Deep,Warm,Grasa,Semi-Matte,Media,6,https://sv.siman.com/double-wear-spf10-makeup-tawny-3w1-30ml-446904/p?skuId=5397990
Double Wear Stay-in-Place Makeup,6W1 Sandalwood,101949663,,Deep,Warm,Grasa,Semi-Matte,Full,6,https://sv.siman.com/double-wear-spf10-makeup-tawny-3w1-30ml-446904/p?skuId=5397990
Double Wear Stay-in-Place Makeup,6W1 Sandalwood,101949663,,Deep,Warm,Grasa,Matte,Media,6,https://sv.siman.com/double-wear-spf10-makeup-tawny-3w1-30ml-446904/p?skuId=5397990
Double Wear Stay-in-Place Makeup,6W1 Sandalwood,101949663,,Deep,Warm,Grasa,Matte,Full,6,https://sv.siman.com/double-wear-spf10-makeup-tawny-3w1-30ml-446904/p?skuId=5397990
Double Wear Stay-in-Place Makeup,2N2 Buff,101612809,,Light,Neutral,Seca,Semi-Matte,Media,2,https://sv.siman.com/double-wear-spf10-makeup-tawny-3w1-30ml-446904/p?skuId=5141401
Double Wear Stay-in-Place Makeup,2N2 Buff,101612809,,Light,Neutral,Seca,Semi-Matte,Full,2,https://sv.siman.com/double-wear-spf10-makeup-tawny-3w1-30ml-446904/p?skuId=5141401
Double Wear Stay-in-Place Makeup,2N2 Buff,101612809,,Light,Neutral,Seca,Matte,Media,2,https://sv.siman.com/double-wear-spf10-makeup-tawny-3w1-30ml-446904/p?skuId=5141401
Double Wear Stay-in-Place Makeup,2N2 Buff,101612809,,Light,Neutral,Seca,Matte,Full,2,https://sv.siman.com/double-wear-spf10-makeup-tawny-3w1-30ml-446904/p?skuId=5141401
Double Wear Stay-in-Place Makeup,2N2 Buff,101612809,,Light,Neutral,Normal/Mixta,Semi-Matte,Media,2,https://sv.siman.com/double-wear-spf10-makeup-tawny-3w1-30ml-446904/p?skuId=5141401
Double Wear Stay-in-Place Makeup,2N2 Buff,101612809,,Light,Neutral,Normal/Mixta,Semi-Matte,Full,2,https://sv.siman.com/double-wear-spf10-makeup-tawny-3w1-30ml-446904/p?skuId=5141401
Double Wear Stay-in-Place Makeup,2N2 Buff,101612809,,Light,Neutral,Normal/Mixta,Matte,Media,2,https://sv.siman.com/double-wear-spf10-makeup-tawny-3w1-30ml-446904/p?skuId=5141401
Double Wear Stay-in-Place Makeup,2N2 Buff,101612809,,Light,Neutral,Normal/Mixta,Matte,Full,2,https://sv.siman.com/double-wear-spf10-makeup-tawny-3w1-30ml-446904/p?skuId=5141401
Double Wear Stay-in-Place Makeup,2N2 Buff,101612809,,Light,Neutral,Grasa,Semi-Matte,Media,2,https://sv.siman.com/double-wear-spf10-makeup-tawny-3w1-30ml-446904/p?skuId=5141401
Double Wear Stay-in-Place Makeup,2N2 Buff,101612809,,Light,Neutral,Grasa,Semi-Matte,Full,2,https://sv.siman.com/double-wear-spf10-makeup-tawny-3w1-30ml-446904/p?skuId=5141401
Double Wear Stay-in-Place Makeup,2N2 Buff,101612809,,Light,Neutral,Grasa,Matte,Media,2,https://sv.siman.com/double-wear-spf10-makeup-tawny-3w1-30ml-446904/p?skuId=5141401
Double Wear Stay-in-Place Makeup,2N2 Buff,101612809,,Light,Neutral,Grasa,Matte,Full,2,https://sv.siman.com/double-wear-spf10-makeup-tawny-3w1-30ml-446904/p?skuId=5141401
Double Wear Maximum Cover Camouflage Makeup,1N3 Creamy Vanilla,423282000009,,Light,Neutral,Normal/Mixta,Matte,Full,1,https://sv.siman.com/double-wear-max-cover-05-tan-30ml-232851/p?skuId=2119978
Double Wear Maximum Cover Camouflage Makeup,1N3 Creamy Vanilla,423282000009,,Light,Neutral,Grasa,Matte,Full,1,https://sv.siman.com/double-wear-max-cover-05-tan-30ml-232851/p?skuId=2119978
Double Wear Maximum Cover Camouflage Makeup,2C5 Creamy Tan,423285100003,,Light,Cool,Normal/Mixta,Matte,Full,2,https://sv.siman.com/double-wear-max-cover-05-tan-30ml-232851/p?skuId=2119987
Double Wear Maximum Cover Camouflage Makeup,2C5 Creamy Tan,423285100003,,Light,Cool,Grasa,Matte,Full,2,https://sv.siman.com/double-wear-max-cover-05-tan-30ml-232851/p?skuId=2119987
Double Wear Maximum Cover Camouflage Makeup,3C4 Medium/Deep,434392500006,,Medium,Cool,Normal/Mixta,Matte,Full,3,https://sv.siman.com/double-wear-max-cover-05-tan-30ml-232851/p?skuId=2145217
Double Wear Maximum Cover Camouflage Makeup,3C4 Medium/Deep,434392500006,,Medium,Cool,Grasa,Matte,Full,3,https://sv.siman.com/double-wear-max-cover-05-tan-30ml-232851/p?skuId=2145217
